Spec#,Date coll,Jar #,Tag # individ,M/F,mm,BD,MC(L),MC(S),ACANTH,Coordinates,,
CT_001,Sept-26-2023,CT68_81,CT78,M,22.93,,,,14,"CT68_81:32.8508 N, 80.1750 W",,
CT_002,Sept-26-2023,CT68_81,CT76,M,23.68,,,20+,,"CT68_81:32.8508 N, 80.1750 W",,
CT_003,Sept-26-2023,CT68_81,CT75,F,23.42,,,20+,3,"CT68_81:32.8508 N, 80.1750 W",,
CT_004,May-1-2019,CT68_81,Trog_0629,F,20.1,,3,20+,,"Cray2019_234: 32.84103N, -80.12437W",,
CT_005,May-1-2019,Cray2019_234,Trog_0628,F,16.8,,5,,,"Cray2019_234: 32.84103N, -80.12437W",,
CT_006,May-1-2019,Cray2019_234,Trog_0630,F,17.9,,,,,"Cray2019_234: 32.84103N, -80.12437W",,
CT_007,May-1-2019,Cray2019_234,Trog_0627,M,18.6,,3,,,"Cray2019_234: 32.84103N, -80.12437W",,
CT_008,May-1-2019,Cray2019_234,Trog_0632,F,13.2,,4,,,"Cray2019_234: 32.84103N, -80.12437W",,
CT_009,May-1-2019,Cray2019_234,Trog_0631,F,12.7,,,,,"Cray2019_234: 32.84103N, -80.12437W",,
CT_010,May-1-2019,Cray2019_234,Trog_0625,M,23.3,,,20+,,"Cray2019_234: 32.84103N, -80.12437W",,
CT_011,May-1-2019,Cray2019_234,Trog_0633,M,13.3,,5,5,,"Cray2019_234: 32.84103N, -80.12437W",,
CT_012,May-1-2019,Cray2019_234,Trog_0624,F,14.3,,,,,"Cray2019_234: 32.84103N, -80.12437W",,
CT_013,May-1-2019,Cray2019_234,Trog_0623,F,20.1,,8,,,"Cray2019_234: 32.84103N, -80.12437W",,
CT_014,May-1-2019,Cray2019_234,Trog_0626,M,15.2,,,20+,,"Cray2019_234: 32.84103N, -80.12437W",,
CT_015,May-4-2019,Cray2019_224,Trog_0274,F,21.6,,1,,,"Cray2019_224: 33.758077N, -80.058477",,
CT_016,May-4-2019,Cray2019_224,Trog_0282,F,17.3,,,,,"Cray2019_224: 33.758077N, -80.058477",,
CT_017,May-4-2019,Cray2019_224,Trog_0285,F,16.8,,1,,,"Cray2019_224: 33.758077N, -80.058477",,
CT_018,May-4-2019,Cray2019_224,Trog_0279,F,18.8,,,,,"Cray2019_224: 33.758077N, -80.058477",,
CT_019,May-4-2019,Cray2019_224,Trog_0278,M,17.7,,,,,"Cray2019_224: 33.758077N, -80.058477",,
CT_020,May-4-2019,Cray2019_224,Trog_0276,F,19.1,,,,,"Cray2019_224: 33.758077N, -80.058477",,
CT_021,May-4-2019,Cray2019_224,Trog_0270,M,28.5,,,,,"Cray2019_224: 33.758077N, -80.058477",,Row 307: Invalid or missing coordinates (Spec: CT_306)
CT_022,May-4-2019,Cray2019_224,Trog_0281,F,21.9,,,,,"Cray2019_224: 33.758077N, -80.058477",,Row 308: Invalid or missing coordinates (Spec: CT_307)
CT_023,May-4-2019,Cray2019_224,Trog_0273,F,21,,,,,"Cray2019_224: 33.758077N, -80.058477",,Row 309: Invalid or missing coordinates (Spec: CT_308)
CT_024,May-4-2019,Cray2019_224,Trog_0268,M,24.1,,1,,,"Cray2019_224: 33.758077N, -80.058477",,Row 310: Invalid or missing coordinates (Spec: CT_309)
CT_025,May-4-2019,Cray2019_224,Trog_0272,F,20.8,,,,,"Cray2019_224: 33.758077N, -80.058477",,Row 321: Invalid date format (Spec: CT_320)
CT_026,May-4-2019,Cray2019_224,Trog_0275,M,24.7,,,,,"Cray2019_224: 33.758077N, -80.058477",,Row 322: Invalid date format (Spec: CT_321)
CT_027,May-20-2019,Cray2019_314,Trog_0311,F,25.7,,,,4,"Cray2019_314: 33.244488N, -79.520632W",,Row 323: Invalid date format (Spec: CT_322)
CT_028,May-25-2019,Cray2019_338,Trog_0211,M,20.9,,6,10,,"Cray2019_388: 33.284252N, -79.616924W",,Row 324: Invalid date format (Spec: CT_323)
CT_029,May-25-2019,Cray2019_338,Trog_0206,F,32.1,,,8,,"Cray2019_388: 33.284252N, -79.616924W",,Row 325: Invalid date format (Spec: CT_324)
CT_030,May-25-2019,Cray2019_338,Trog_0208,F,25.1,,,3,,"Cray2019_388: 33.284252N, -79.616924W",,Row 326: Invalid date format (Spec: CT_325)
CT_031,May-25-2019,Cray2019_338,Trog_0205,M,24.8,,,,,"Cray2019_388: 33.284252N, -79.616924W",,Row 327: Invalid date format (Spec: CT_326)
CT_032,May-25-2019,Cray2019_338,Trog_0204,M,30,,,,,"Cray2019_388: 33.284252N, -79.616924W",,Row 328: Invalid date format (Spec: CT_327)
CT_033,May-25-2019,Cray2019_338,Trog_0210,F,25.4,,2,,,"Cray2019_388: 33.284252N, -79.616924W",,Row 329: Invalid date format (Spec: CT_328)
CT_034,May-25-2019,Cray2019_338,Trog_0209,M,26.4,,,,,"Cray2019_388: 33.284252N, -79.616924W",,Row 330: Invalid date format (Spec: CT_329)
CT_035,May-25-2019,Cray2019_338,Trog_0207,F,26.8,,,,,"Cray2019_388: 33.284252N, -79.616924W",,Row 331: Invalid date format (Spec: CT_330)
CT_036,May-25-2019,Cray2019_338,Trog_0203,M,22.1,,,,,"Cray2019_388: 33.284252N, -79.616924W",,Row 332: Invalid date format (Spec: CT_331)
CT_037,May-25-2019,Cray2019_338,Trog_0202,M,29.3,,,,,"Cray2019_388: 33.284252N, -79.616924W",,Row 333: Invalid date format (Spec: CT_332)
CT_038,May-25-2019,Cray2019_338,Trog_0199,M,27.4,,,,,"Cray2019_388: 33.284252N, -79.616924W",,Row 334: Invalid date format (Spec: CT_333)
CT_039,May-25-2019,Cray2019_338,Trog_0200,M,16.7,,,,,"Cray2019_388: 33.284252N, -79.616924W",,Row 335: Invalid date format (Spec: CT_334)
CT_040,May-25-2019,Cray2019_338,Trog_0201,M,17.3,,,,,"Cray2019_388: 33.284252N, -79.616924W",,Row 336: Invalid date format (Spec: CT_335)
CT_041,May-4-2019,Craay2019_194,Trog_0147,F,24.5,,4,,,"Cray2019_194: 33.13923N, -80.950847W",,
CT_042,May-4-2019,Craay2019_194,Trog_0146,M,26.4,6,5,,,"Cray2019_194: 33.13923N, -80.950847W",,
CT_043,May-4-2019,Craay2019_194,Trog_0144,F,26.3,5,,4,,"Cray2019_194: 33.13923N, -80.950847W",,
CT_044,May-4-2019,Cray2019_194,Trog_0145,M,25.8,2,,,,"Cray2019_194: 33.13923N, -80.950847W",,
CT_045,Nov-18-19,Cray2019_537,Trog_0362,F,28.7,,,,,"Cray2019_537: 33.34346N, -79.23802W",,
CT_046,Nov-18-19,Cray2019_537,Trog_0364,F,14.4,,,,,"Cray2019_537: 33.34346N, -79.23802W",,
CT_047,May-4-2019,Cray2019_197,Trog_0287,M,25.4,,,,,"Cray2019_197: 33.708945N, -80.052560W",,
CT_048,May-4-2019,Cray2019_218,Trog_0321,M,23.1,,,,,"Cray2019_218: 33.82445N, -80.169257W",,
CT_049,May-4-2019,Cray2019_203,Trog_0317,F,23.2,,,,,"Cray2019_203: 33.724845N, -80.957373W",,
CT_050,May-4-2019,Cray2019_203,Trog_0316,F,21.1,,,,,"Cray2019_203: 33.724845N, -80.957373W",,
CT_051,May-4-2019,Cray2019_239,Trog_0301,M,31.9,,,,,"Cray2019_239: 33.500044N, -79.958492W",,
CT_052,May-4-2019,Cray2019_239,Trog_0300,M,27.3,,,,,"Cray2019_239: 33.500044N, -79.958492W",,
CT_053,May-4-2019,Cray2019_239,Trog_0302,F,25.4,,,,,"Cray2019_239: 33.500044N, -79.958492W",,
CT_054,May-4-2019,Cray2019_239,Trog_0299,M,25.1,,2,,,"Cray2019_239: 33.500044N, -79.958492W",,
CT_055,May-25-2019,Cray2019_?,Trog_0298,M,29.8,,2,,,"Cray2019_(?): 33.244488N, -79.520632W",,
CT_056,May-25-2019,Cray2019_?,Trog_0215,M,29.1,,,9,,"Cray2019_(?): 33.244488N, -79.520632W",,
CT_057,May-25-2019,Cray2019_?,Trog_0213,M,30.1,4,,5,,"Cray2019_(?): 33.244488N, -79.520632W",,
CT_058,May-25-2019,Cray2019_?,Trog_0214,M,27.4,,,,,"Cray2019_(?): 33.244488N, -79.520632W",,
CT_059,May-25-2019,Cray2019_?,Trog_0215,M,30.5,,,,2,"Cray2019_(?): 33.244488N, -79.520632W",,
CT_060,May-11-2019,Cray2019_228,Trog_0254,F,21.4,,,,1,"Cray2019_228: 32.765009W, -80.447191W ",,
CT_061,May-11-2019,Cray2019_228,Trog_0253,M,17.4,,,2,,"Cray2019_228: 32.765009W, -80.447191W ",,
CT_062,Jun-16-2019,Cray2019_367,Trog_0157,F,25.5,,4,,,"Cray2019_367: 33.477345N, -80.874284W",,
CT_063,Jun-16-2019,Cray2019_367,Trog_0156,M,21.9,,,,,"Cray2019_367: 33.477345N, -80.874284W",,
CT_064,May-11-2019,Cray2019_227,Trog_0636,M,18.2,,,,,"Cray2019_227: 33.139319N, -80.339384W",,
CT_065,May-11-2019,Cray2019_227,Trog_0635,M,24.4,,2,5,,"Cray2019_227: 33.139319N, -80.339384W",,
CT_066,May-11-2019,Cray2019_227,Trog_0634,F,25,,,6,,"Cray2019_227: 33.139319N, -80.339384W",,
CT_067,May-28-2019,Cray2019_343,Trog_0322,M,18.6,,,,,"Cray2019_343: 33.663113N, -79.135584W",,
CT_068,May-28-2019,Cray2019_343,Trog_0323,F,19.8,4,,,,"Cray2019_343: 33.663113N, -79.135584W",,
CT_069,7-Nov-2019,Cray2019_534,Trog_0314,M,21.8,,,,,"Cray2019_534: 32.79932N, -79.89759W",,
CT_070,18-May-2019,Cray2019_304,Trog_0220,M,30.8,3,,,,"Cray2019_304: 33.231733N, -79.481915W",,
CT_071,18-May-2019,Cray2019_304,Trog_0219,M,29.6,1,,,,"Cray2019_304: 33.231733N, -79.481915W",,
CT_072,18-May-2019,Cray2019_304,Trog_0218,F,25.9,,,,,"Cray2019_304: 33.231733N, -79.481915W",,
CT_073,18-May-2019,Cray2019_304,Trog_0217,M,23.7,,,,,"Cray2019_304: 33.231733N, -79.481915W",,
CT_074,18-May-2019,Cray2019_304,Trog_0216,M,30.1,,,,,"Cray2019_304: 33.231733N, -79.481915W",,
CT_075,23-May-2019,Cray2019_?,N/A,F,26.1,,,10,,"Cray2019_?: 33.231833N, -79.480719W",,
CT_076,23-May-2019,Cray2019_?,N/A,M,33.4,,,,2,"Cray2019_?: 33.231833N, -79.480719W",,
CT_077,23-May-2019,Cray2019_?,N/A,F,27.2,,,,,"Cray2019_?: 33.231833N, -79.480719W",,
CT_078,23-May-2019,Cray2019_?,N/A,M,25.3,,,,1,"Cray2019_?: 33.231833N, -79.480719W",,
CT_079,23-May-2019,Cray2019_?,N/A,M,28.9,,,,,"Cray2019_?: 33.231833N, -79.480719W",,
CT_080,23-May-2019,Cray2019_?,N/A,M,26,,,10,,"Cray2019_?: 33.231833N, -79.480719W",,
CT_081,23-May-2019,Cray2019_?,N/A,F,27.1,1,,,1,"Cray2019_?: 33.231833N, -79.480719W",,
CT_082,24-Oct-2019,Cray2019_505,Trog_0326,M,25.3,,,18,0,"Cray2019_505: 32.87934N, -79.77369W",,
CT_083,24-Oct-2019,Cray2019_505,Trog_0325,M,26.2,,2,,,"Cray2019_505: 32.87934N, -79.77369W",,
CT_084,22-Oct-2019,Cray2019_506,Trog_0324,M,27.5,,1,,,"Cray2019_506: 32.87934N, -79.77369W",,
CT_085,23-Oct-2019,Cray2019_519,Trog_0289,F,24.1,,,,,"Cray2019_519: 32.8595428N, -80.077510W",,
CT_086,12-Oct-2019,Cray2019_564,349,M,23.6,,,,,"Cray2019_564: 32.89126N,79.79546W",,
CT_087,12-Oct-2019,Cray2019_564,348,M,24.3,,,,,"Cray2019_564: 32.89126N,79.79546W",,
CT_088,7-Nov-2019,Cray2019_533,Cray 231,M,22.9,,,,,"Cray2019_533: 32.81553N, -80.11628W",,
CT_089,7-Nov-2019,Cray2019_533,Trog_0*,M,19.5,,,,,"Cray2019_533: 32.81553N, -80.11628W",,
CT_090,7-Nov-2019,Cray2019_533,Cray 230,M,19.5,,,,,"Cray2019_533: 32.81553N, -80.11628W",,
CT_091,26-Sept-2019,Cray2019_419,Trog_0616,F,21.4,,,,,"Cray2019_419: 32.90317, -79.82336W",,
CT_092,26-Sept-2019,Cray2019_419,Trog_0615,F,20.9,,5,,,"Cray2019_419: 32.90317, -79.82336W",,
CT_093,26-Sept-2019,Cray2019_419,Trog_0614,F,22.8,,,,,"Cray2019_419: 32.90317, -79.82336W",,
CT_094,20-April-2019,Cray2019_312,Trog_0312,M,26.8,,,,,"Cray2019_312: 33.244488, -79.520632W",,
CT_095,20-April-2019,Cray2019_313,Trog_0288,M,27.6,,,,,"Cray2019_313: 33.244488, -79.520632W",,
CT_096,20-April-2019,Cray2019_315,Trog_0252,M,27.2,,,,,"Cray2019_315: 33.244488, -79.520632W",,
CT_097,28-May-2019,Cray2019_344,Trog_0227,M,30,20,,,,"Cray2019_344: 33.24488N, -79.520632W",,
CT_098,28-May-2019,Cray2019_344,Trog_0226,F,23.1,,,,,"Cray2019_344: 33.24488N, -79.520632W",,
CT_099,28-May-2019,Cray2019_334,Trog_0225,F,24.2,,,,,"Cray2019_344: 33.24488N, -79.520632W",,
CT_100,25-May-2019,Cray2019_345,Trog_0330,F,25.8,,,,,"Cray2019_345: 33.194481N, -79.607289W",,
CT_101,25-May-2019,Cray2019_345,Trog_0329,M,25.6,,,,,"Cray2019_345: 33.194481N, -79.607289W",,
CT_102,25-May-2019,Cray2019_345,Trog_0328,F,24.4,,,,,"Cray2019_345: 33.194481N, -79.607289W",,
CT_103,12-April-2019,Cray2019_240,Trog_0290,M,23.2,,,,,"Cray2019_240: 32.725244N, -79.941578W",,
CT_104,4-May-2019,Cray2019_224,Trog_0264,F,29.6,,,,,"Cray2019_224: 33.758077N, -80.058478",,
CT_105,4-May-2019,Cray2019_224,Trog_0269,M,28.4,,,,,"Cray2019_224: 33.758077N, -80.058478",,
CT_106,4-May-2019,Cray2019_224,Trog_0265,F,25.6,,,,,"Cray2019_224: 33.758077N, -80.058478",,
CT_107,4-May-2019,Cray2019_224,Trog_0271,F,24.8,,,,,"Cray2019_224: 33.758077N, -80.058478",,
CT_108,4-May-2019,Cray2019_224,Trog_0262,M,28.5,,,,,"Cray2019_224: 33.758077N, -80.058478",,
CT_109,4-May-2019,Cray2019_224,Trog_0261,F,32.2,,,,,"Cray2019_224: 33.758077N, -80.058478",,
CT_110,4-May-2019,Cray2019_224,Trog_0280,F,18.3,,,,,"Cray2019_224: 33.758077N, -80.058478",,
CT_111,4-May-2019,Cray2019_224,Trog_0277,F,19,,,,,"Cray2019_224: 33.758077N, -80.058478",,
CT_112,4-May-2019,Cray2019_224,Trog_0263,M,22.8,,,,,"Cray2019_224: 33.758077N, -80.058478",,
CT_113,4-May-2019,Cray2019_224,Trog_0267,F,25.6,,,,,"Cray2019_224: 33.758077N, -80.058478",,
CT_114,4-May-2019,Cray2019_224,Trog_0266,F,23.5,,,,,"Cray2019_224: 33.758077N, -80.058478",,
CT_115,4-May-2019,Cray2019_224,Trog_0286,F,18.7,,,,,"Cray2019_224: 33.758077N, -80.058478",,
CT_116,31-Oct-2019,Cray2019_535,Trog_0313,M,20,,,,,"Cray2019_535: 32.89754N, -79.81300W",,
CT_117,5-Dec-2019,Cray2019_555,307,M,28.1,,,,,"Cray2019_555: 32.7227N, -79.9682W",,
CT_118,5-Dec-2019,Cray2019_555,309,F,31.1,,,,,"Cray2019_555: 32.7227N, -79.9682W",,
CT_119,5-Dec-2019,Cray2019_555,308,M,25.7,,,,,"Cray2019_555: 32.7227N, -79.9682W",,
CT_120,5-Dec-2019,Cray2019_555,306,F,30.6,,,8,,"Cray2019_555: 32.7227N, -79.9682W",,
CT_121,28-Aug-2019,Cray2019_378,Trog_0260,M,24.4,,,10,,Cray2019_378: 32.72256N -79.97005W,,
CT_122,28-Aug-2019,Cray2019_378,1489,F,27.6,,,,,Cray2019_378: 32.72256N -79.97005W,,
CT_123,28-Aug-2019,Cray2019_378,1487,F,22.2,,,,,Cray2019_378: 32.72256N -79.97005W,,
CT_124,28-Aug-2019,Cray2019_378,1488,F,20.1,,,,,Cray2019_378: 32.72256N -79.97005W,,
CT_125,9-Mar-2019,Cray2019_237,Trog_0421,M,17.4,,,,,"Cray2019_237: 32.799300N, -79.897677W",,
CT_126,9-Mar-2019,Cray2019_237,Trog_0417,M,17.9,,,,,"Cray2019_237: 32.799300N, -79.897677W",,
CT_127,9-Mar-2019,Cray2019_237,Trog_0420,M,14.8,,,,,"Cray2019_237: 32.799300N, -79.897677W",,
CT_128,9-Mar-2019,Cray2019_237,Trog_0418,M,16.2,,,,,"Cray2019_237: 32.799300N, -79.897677W",,
CT_129,9-Mar-2019,Cray2019_237,Trog_0419,F,17.1,,,,,"Cray2019_237: 32.799300N, -79.897677W",,
CT_130,9-Mar-2019,Cray2019_237,Trog_0416,F,15.3,,,,,"Cray2019_237: 32.799300N, -79.897677W",,
CT_131,9-Mar-2019,Cray2019_237,Trog_0423,M,14.6,,,,,"Cray2019_237: 32.799300N, -79.897677W",,
CT_132,9-Mar-2019,Cray2019_237,Trog_0411,F,16.2,,,,,"Cray2019_237: 32.799300N, -79.897677W",,
CT_133,9-Mar-2019,Cray2019_237,Trog_0422,F,15.1,,,,,"Cray2019_237: 32.799300N, -79.897677W",,
CT_134,9-Mar-2019,Cray2019_237,Trog_0412,F,16,,,,,"Cray2019_237: 32.799300N, -79.897677W",,
CT_135,9-Mar-2019,Cray2019_237,Trog_0414,F,13.6,,,,,"Cray2019_237: 32.799300N, -79.897677W",,
CT_136,9-Mar-2019,Cray2019_237,Trog_0415,M,18.7,,,,,"Cray2019_237: 32.799300N, -79.897677W",,
CT_137,9-Mar-2019,Cray2019_237,Trog_0413,F,16.6,,,,,"Cray2019_237: 32.799300N, -79.897677W",,
CT_138,28-May-2019,Cray2019_333,Trog_0238,M,27.6,,,,,"Cray2019_333: 33.661482N, -79.152658W",,
CT_139,28-May-2019,Cray2019_333,Trog_0239,M,29.5,,,,,"Cray2019_333: 33.661482N, -79.152658W",,
CT_140,28-May-2019,Cray2019_333,Trog_0236,F,31.2,,,,,"Cray2019_333: 33.661482N, -79.152658W",,
CT_141,28-May-2019,Cray2019_333,Trog_0234,M,25.5,,,,,"Cray2019_333: 33.661482N, -79.152658W",,
CT_142,28-May-2019,Cray2019_333,Trog_0237,M,29.1,,,,,"Cray2019_333: 33.661482N, -79.152658W",,
CT_143,28-May-2019,Cray2019_333,Trog_0231,M,25.6,,,,,"Cray2019_333: 33.661482N, -79.152658W",,
CT_144,28-May-2019,Cray2019_333,Trog_0232,M,25.7,,,,,"Cray2019_333: 33.661482N, -79.152658W",,
CT_145,28-May-2019,Cray2019_333,Trog_0229,M,26.4,,,,,"Cray2019_333: 33.661482N, -79.152658W",,
CT_146,28-May-2019,Cray2019_333,Trog_0228,M,26.8,,,,,"Cray2019_333: 33.661482N, -79.152658W",,
CT_147,28-May-2019,Cray2019_333,Trog_0230,M,29.6,,,,,"Cray2019_333: 33.661482N, -79.152658W",,
CT_148,28-May-2019,Cray2019_333,Trog_0240,F,23.4,,,,,"Cray2019_333: 33.661482N, -79.152658W",,
CT_149,28-May-2019,Cray2019_333,Trog_0235,F,23.2,,,,,"Cray2019_333: 33.661482N, -79.152658W",,
CT_150,28-May-2019,Cray2019_333,Trog_0233,M,,,,,,"Cray2019_333: 33.661482N, -79.152658W",,
CT_151,9-Dec-2019,Cray2019_563,345,M,30.1,,,,,"Cray2019_563: 32.7227N, -79.9682W",,
CT_152,9-Dec-2019,Cray2019_563,344,F,32.7,,,,,"Cray2019_563: 32.7227N, -79.9682W",,
CT_153,9-Dec-2019,Cray2019_563,346,F,28.6,,,,,"Cray2019_563: 32.7227N, -79.9682W",,
CT_154,9-Dec-2019,Cray2019_563,347,M,20.2,,,,,"Cray2019_563: 32.7227N, -79.9682W",,
CT_155,25-May-2019,Cray2019_347,Trog_0224,M,24.9,,2,,,"Cray2019_347: 33195594N, -79.462458W",,
CT_156,25-May-2019,Cray2019_347,Trog_0223,M,28.5,,3,,,"Cray2019_347: 33195594N, -79.462458W",,
CT_157,25-May-2019,Cray2019_347,Trog_0222,M,30,,,,,"Cray2019_347: 33195594N, -79.462458W",,
CT_158,25-May-2019,Cray2019_347,Trog_0221,F,23.6,,,,,"Cray2019_347: 33195594N, -79.462458W",,
CT_159,8-Apr-2019,Cray2019_493,Trog_0291,M,29.1,,,,,"Cray2019_493: 32.745423N, -79.940928W",,
CT_160,10-Oct-2019,Cray2019_496,Trog_0158,M,32.2,,,,,"Cray2019_496: 32.79928N, -79.89762W",,
CT_161,23-May-2019,Cray2019_325,Trog_0188,M,16.4,,5,,,"Cray2019_325: 33.131586N, -79.608116W",,
CT_162,23-May-2019,Cray2019_325,Trog_0187,M,16.1,,,,,"Cray2019_325: 33.131586N, -79.608116W",,
CT_163,23-May-2019,Cray2019_325,Trog_0186,F,20.1,,"2,5",,,"Cray2019_325: 33.131586N, -79.608116W",,
CT_164,23-May-2019,Cray2019_325,Trog_0184,F,18.5,,,,,"Cray2019_325: 33.131586N, -79.608116W",,
CT_165,23-May-2019,Cray2019_325,Trog_0185,M,20.3,,,,,"Cray2019_325: 33.131586N, -79.608116W",,
CT_166,23-May-2019,Cray2019_325,Trog_0183,M,15.9,,,,,"Cray2019_325: 33.131586N, -79.608116W",,
CT_167,23-May-2019,Cray2019_325,Trog_0182,M,16.3,,,,,"Cray2019_325: 33.131586N, -79.608116W",,
CT_168,23-May-2019,Cray2019_325,Trog_0181,M,15.7,,,,,"Cray2019_325: 33.131586N, -79.608116W",,
CT_169,23-May-2019,Cray2019_325,Trog_0180,M,17.3,,8,,,"Cray2019_325: 33.131586N, -79.608116W",,
CT_170,23-May-2019,Cray2019_325,Trog_0179,F,16.7,,,,,"Cray2019_325: 33.131586N, -79.608116W",,
CT_171,23-May-2019,Cray2019_325,Trog_0176,F,19.2,,,,,"Cray2019_325: 33.131586N, -79.608116W",,
CT_172,23-May-2019,Cray2019_325,Trog_0178,F,26.8,,,,,"Cray2019_325: 33.131586N, -79.608116W",,
CT_173,23-May-2019,Cray2019_325,Trog_0175,F,25.2,,,,,"Cray2019_325: 33.131586N, -79.608116W",,
CT_174,23-May-2019,Cray2019_325,Trog_0177,M,20.9,,,,,"Cray2019_325: 33.131586N, -79.608116W",,
CT_175,15-May-2019,Cray2019_343,Trog_0343,M,16.2,,,,,"Cray2019_278: 32.844563N, -80.124694W",,
CT_176,15-May-2019,Cray2019_343,Trog_0342,M,18.1,,,,,"Cray2019_278: 32.844563N, -80.124694W",,
CT_177,15-May-2019,Cray2019_343,Trog_0341,F,23.5,,,,,"Cray2019_278: 32.844563N, -80.124694W",,
CT_178,25-May-2019,Cray2019_350,Trog_0333,M,17.9,,,10,,"Cray2019_350: 33.284954N, -79.61379W",,
CT_179,25-May-2019,Cray2019_350,Trog_0335,M,15.4,,,,,"Cray2019_350: 33.284954N, -79.61379W",,
CT_180,25-May-2019,Cray2019_350,Trog_0332,F,15.8,,,,,"Cray2019_350: 33.284954N, -79.61379W",,
CT_181,25-May-2019,Cray2019_350,Trog_0334,F,13.1,,,10,,"Cray2019_350: 33.284954N, -79.61379W",,
CT_182,27-Apr-2019,Cray2019_241,Trog_0192,F,20.6,,,8,,"Cray2019_241: 32.791893N, -80.110368W",,
CT_183,27-Apr-2019,Cray2019_241,Trog_0190,F,19.1,,,10,,"Cray2019_241: 32.791893N, -80.110368W",,
CT_184,27-Apr-2019,Cray2019_241,Trog_0198,M,17.6,,,,,"Cray2019_241: 32.791893N, -80.110368W",,
CT_185,27-Apr-2019,Cray2019_241,Trog_0195,M,19.5,,,,,"Cray2019_241: 32.791893N, -80.110368W",,
CT_186,27-Apr-2019,Cray2019_241,Trog_0191,F,16.2,,,,,"Cray2019_241: 32.791893N, -80.110368W",,
CT_187,27-Apr-2019,Cray2019_241,Trog_0193,F,15.9,,,,,"Cray2019_241: 32.791893N, -80.110368W",,
CT_188,27-Apr-2019,Cray2019_241,Trog_0196,F,15.1,,,,,"Cray2019_241: 32.791893N, -80.110368W",,
CT_189,27-Apr-2019,Cray2019_241,Trog_0189,F,14.9,,,10,,"Cray2019_241: 32.791893N, -80.110368W",,
CT_190,27-Apr-2019,Cray2019_241,Trog_0194,M,15.2,,,,,"Cray2019_241: 32.791893N, -80.110368W",,
CT_191,27-Apr-2019,Cray2019_241,Trog_0197,F,13.8,,,,,"Cray2019_241: 32.791893N, -80.110368W",,
CT_192,27-Apr-2019,Cray2019_186,Trog_0360,M,15.3,,,,,"Cray2019_186: 32.790868N, -80.112564W",,
CT_193,27-Apr-2019,Cray2019_186,Trog_0354,F,19.9,,,,,"Cray2019_186: 32.790868N, -80.112564W",,
CT_194,27-Apr-2019,Cray2019_186,Trog_0361,F,16.9,,,,,"Cray2019_186: 32.790868N, -80.112564W",,
CT_195,27-Apr-2019,Cray2019_186,Trog_0355,F,18.5,,,10,,"Cray2019_186: 32.790868N, -80.112564W",,
CT_196,27-Apr-2019,Cray2019_186,Trog_0358,M,16.3,,,,,"Cray2019_186: 32.790868N, -80.112564W",,
CT_197,27-Apr-2019,Cray2019_186,Trog_0357,M,17.4,,,,,"Cray2019_186: 32.790868N, -80.112564W",,
CT_198,27-Apr-2019,Cray2019_186,Trog_0356,M,13.6,,,,,"Cray2019_186: 32.790868N, -80.112564W",,
CT_199,27-Apr-2019,Cray2019_186,Trog_0359,F,14.5,,,,,"Cray2019_186: 32.790868N, -80.112564W",,
CT_200,1-Feb-2019,Cray2021_008,Trog_0305,F,20.9,,,,,"Cray2021_008: 33.17216N, -81.4501W",,
CT_201,1-Feb-2019,Cray2021_008,Trog_0304,M,16.7,,,,,"Cray2021_008: 33.17216N, -81.4501W",,
CT_202,1-Feb-2019,Cray2021_008,Trog_0303,F,18.6,,,,,"Cray2021_008: 33.17216N, -81.4501W",,
CT_203,1-Feb-2019,Cray2021_008,Trog_0306,F,16.9,,,,,"Cray2021_008: 33.17216N, -81.4501W",,
CT_204,1-Feb-2019,Cray2021_008,Trog_0308,M,12.7,,,,,"Cray2021_008: 33.17216N, -81.4501W",,
CT_205,1-Feb-2019,Cray2021_008,Trog_0309,F,14.1,,,,,"Cray2021_008: 33.17216N, -81.4501W",,
CT_206,1-Feb-2019,Cray2021_008,Trog_0307,M,12.2,,,,,"Cray2021_008: 33.17216N, -81.4501W",,
CT_207,1-Feb-2019,Cray2021_008,Trog_0310,F,13.6,,,,,"Cray2021_008: 33.17216N, -81.4501W",,
CT_208,18-Nov-2019,Cray2019_570,Trog_0387,M,23.1,,,,,"Cray2019_570: 33.7313N, -79.27956W",,
CT_209,18-Nov-2019,Cray2019_570,Trog_0400,F,14.3,,,,,"Cray2019_570: 33.7313N, -79.27956W",,
CT_210,18-Nov-2019,Cray2019_570,Trog_0395,F,14.9,,,,,"Cray2019_570: 33.7313N, -79.27956W",,
CT_211,18-Nov-2019,Cray2019_570,Trog_0393,F,13.6,,,,,"Cray2019_570: 33.7313N, -79.27956W",,
CT_212,18-Nov-2019,Cray2019_570,Trog_0401,F,13.7,,,,,"Cray2019_570: 33.7313N, -79.27956W",,
CT_213,18-Nov-2019,Cray2019_570,Trog_0397,M,14.1,,,,,"Cray2019_570: 33.7313N, -79.27956W",,
CT_214,18-Nov-2019,Cray2019_570,Trog_0386,F,29.5,,,,,"Cray2019_570: 33.7313N, -79.27956W",,
CT_215,18-Nov-2019,Cray2019_570,Trog_0389,M,20.4,,,10,,"Cray2019_570: 33.7313N, -79.27956W",,
CT_216,18-Nov-2019,Cray2019_570,Trog_0385,F,23.3,,,,,"Cray2019_570: 33.7313N, -79.27956W",,
CT_217,18-Nov-2019,Cray2019_570,Trog_0390,F,16.7,,,,,"Cray2019_570: 33.7313N, -79.27956W",,
CT_218,18-Nov-2019,Cray2019_570,Trog_0384,M,16.1,,,,,"Cray2019_570: 33.7313N, -79.27956W",,
CT_219,18-Nov-2019,Cray2019_570,Trog_0388,M,19.4,,,10,,"Cray2019_570: 33.7313N, -79.27956W",,
CT_220,18-Nov-2019,Cray2019_570,Trog_0396,F,12.7,,,,,"Cray2019_570: 33.7313N, -79.27956W",,
CT_221,18-Nov-2019,Cray2019_570,Trog_0398,F,11.8,,,,,"Cray2019_570: 33.7313N, -79.27956W",,
CT_222,18-Nov-2019,Cray2019_570,Trog_0394,M,15.2,,,,,"Cray2019_570: 33.7313N, -79.27956W",,
CT_223,18-Nov-2019,Cray2019_570,Trog_0402,F,13.7,,,,,"Cray2019_570: 33.7313N, -79.27956W",,
CT_224,18-Nov-2019,Cray2019_570,Trog_0399,M,13.2,,,,,"Cray2019_570: 33.7313N, -79.27956W",,
CT_225,18-Nov-2019,Cray2019_570,Trog_0391,M,12.3,,,,,"Cray2019_570: 33.7313N, -79.27956W",,
CT_226,18-Nov-2019,Cray2019_570,Trog_0392,M,12.4,,,,,"Cray2019_570: 33.7313N, -79.27956W",,
CT_227,18-Nov-2019,Cray2019_570,Trog_0406,F,10,,,,,"Cray2019_570: 33.7313N, -79.27956W",,
CT_228,18-Nov-2019,Cray2019_570,Trog_0403,F,10.5,,,,,"Cray2019_570: 33.7313N, -79.27956W",,
CT_229,18-Nov-2019,Cray2019_570,Trog_0405,F,9.1,,,,,"Cray2019_570: 33.7313N, -79.27956W",,
CT_230,18-Nov-2019,Cray2019_570,Trog_0408,F,9.6,,,,,"Cray2019_570: 33.7313N, -79.27956W",,
CT_231,18-Nov-2019,Cray2019_570,Trog_0410,F,9.4,,,,,"Cray2019_570: 33.7313N, -79.27956W",,
CT_232,18-Nov-2019,Cray2019_570,Trog_0409,M,9.7,,,,,"Cray2019_570: 33.7313N, -79.27956W",,
CT_233,18-Nov-2019,Cray2019_570,Trog_0407,M,9.2,,,,,"Cray2019_570: 33.7313N, -79.27956W",,
CT_234,18-Nov-2019,Cray2019_570,Trog_0404,M,11.1,,,,,"Cray2019_570: 33.7313N, -79.27956W",,
CT_235,3-October-2019,Cray2019_459,Trog_0366,M,12.7,,,,,"Cray2019_459: 33.22996N, -79.48109W",,
CT_236,10-May-2019,Cray2019_223,Trog_0331,M,19.4,,,,,"Cray2019_223: 32.827383N, -80.132628W",,
CT_237,8-October-2019,Cray2019_497,Trog_0327,F,23.7,,,,2,"Cray2019_497: 32.82577N, -80.12537W",,
CT_238,1-May-2019,Cray2019_181,Trog_0320,M,15.9,,,,,"Cray2019_181: 32.83026N, -80.13232W",,
CT_239,1-May-21019,Cray2019_181,Trog_0319,M,17.9,,,,,"Cray2019_181: 32.83026N, -80.13232W",,
CT_240,2-May-2019,Cray2019_202,Trog_0318,M,17,,,,,"Cray2019_202: 32.840846N, -80.122833W",,
CT_241,2-May-2019,Cray2019_168,Trog_0381,F,15.4,,,,,"Cray2019_168: 32.8355860N, -80.128438W",,
CT_242,2-May-2019,Cray2019_168,Trog_0382,F,14.6,,,,,"Cray2019_168: 32.8355860N, -80.128438W",,
CT_243,2-May-2019,Cray2019_168,Trog_0383,M,14,,,,,"Cray2019_168: 32.8355860N, -80.128438W",,
CT_244,2-May-2019,Cray2019_168,Trog_0380,F,14.6,,,,,"Cray2019_168: 32.8355860N, -80.128438W",,
CT_245,2-May-2019,Cray2019_168,Trog_0379,F,12.6,,,,,"Cray2019_168: 32.8355860N, -80.128438W",,
CT_246,1-May-2019,Cray2019_195,Trog_0256,M,22,,,,,"Cray2019_195: 32.83155N, -80.128667W",,
CT_247,1-May-2019,Cray2019_195,Trog_0258,F,17.1,,,,,"Cray2019_195: 32.83155N, -80.128667W",,
CT_248,1-May-2019,Cray2019_195,Trog_0255,M,19.9,,,,,"Cray2019_195: 32.83155N, -80.128667W",,
CT_249,1-May-2019,Cray2019_195,Trog_0259,F,14.2,,,,,"Cray2019_195: 32.83155N, -80.128667W",,
CT_250,1-May-2019,Cray2019_195,Trog_0257,F,18.5,,,,,"Cray2019_195: 32.83155N, -80.128667W",,
CT_251,10-May-2019,Cray2019_263,Trog_0152,F,15.6,,,,,"Cray2019_263: 32.831721N, -80.1348281W",,
CT_252,10-May-2019,Cray2019_263,Trog_0154,M,16.9,,,,,"Cray2019_263: 32.831721N, -80.1348281W",,
CT_253,10-May-2019,Cray2019_263,Trog_0151,F,22.6,,,,,"Cray2019_263: 32.831721N, -80.1348281W",,
CT_254,10-May-2019,Cray2019_263,Trog_0153,M,16.2,,,,,"Cray2019_263: 32.831721N, -80.1348281W",,
CT_255,10-May-2019,Cray2019_263,Trog_0149,F,17.7,,,,,"Cray2019_263: 32.831721N, -80.1348281W",,
CT_256,10-May-2019,Cray2019_263,Trog_0150,F,14.6,,,,,"Cray2019_263: 32.831721N, -80.1348281W",,
CT_257,10-May-2019,Cray2019_263,Trog_0155,M,13.1,,,,,"Cray2019_263: 32.831721N, -80.1348281W",,
CT_258,10-May-2019,Cray2019_263,Trog_0148,F,15.9,,,,,"Cray2019_263: 32.831721N, -80.1348281W",,
CT_259,1-May-2019,Cray2019_231,Trog_0617,F,15.3,,,,,"Cray2019_231: 32.83811N, -80.12578W",,
CT_260,1-May-2019,Cray2019_231,Trog_0618,F,15,,,,,"Cray2019_231: 32.83811N, -80.12578W",,
CT_261,1-May-2019,Cray2019_231,Trog_0619,M,19,,,,,"Cray2019_231: 32.83811N, -80.12578W",,
CT_262,1-May-2019,Cray2019_231,Trog_0620,M,29.4,,,,,"Cray2019_231: 32.83811N, -80.12578W",,
CT_263,2-May-2019,Cray2019_185,Trog_0350,M,19.3,,,,,"Cray2019_185: 32.833412N, -80.129599W",,
CT_264,2-May-2019,Cray2019_185,Trog_0351,M,19.7,,,,,"Cray2019_185: 32.833412N, -80.129599W",,
CT_265,2-May-2019,Cray2019_185,Trog_0348,F,21.5,,,,,"Cray2019_185: 32.833412N, -80.129599W",,
CT_266,2-May-2019,Cray2019_185,Trog_0346,F,14.6,,,,,"Cray2019_185: 32.833412N, -80.129599W",,
CT_267,2-May-2019,Cray2019_185,Trog_0353,F,13,,,,,"Cray2019_185: 32.833412N, -80.129599W",,
CT_268,2-May-2019,Cray2019_185,Trog_0345,M,15.2,,,,,"Cray2019_185: 32.833412N, -80.129599W",,
CT_269,2-May-2019,Cray2019_185,Trog_0344,F,14.8,,,,,"Cray2019_185: 32.833412N, -80.129599W",,
CT_270,2-May-2019,Cray2019_185,Trog_0352,M,15.2,,,,,"Cray2019_185: 32.833412N, -80.129599W",,
CT_271,2-May-2019,Cray2019_185,Trog_0347,M,17.5,,,,,"Cray2019_185: 32.833412N, -80.129599W",,
CT_272,2-May-2019,Cray2019_185,Trog_0349,M,23.4,4,,,,"Cray2019_185: 32.833412N, -80.129599W",,
CT_273,2-May-2019,Cray2019_184,Trog_0374,M,15.3,,,,,"Cray2019_184: 32.836943N, -80.126328W",,
CT_274,2-May-2019,Cray2019_184,Trog_0375,F,16.3,,,,,"Cray2019_184: 32.836943N, -80.126328W",,
CT_275,2-May-2019,Cray2019_184,Trog_0371,F,14.8,,,,,"Cray2019_184: 32.836943N, -80.126328W",,
CT_276,2-May-2019,Cray2019_184,Trog_0373,F,15,,,,,"Cray2019_184: 32.836943N, -80.126328W",,
CT_277,2-May-2019,Cray2019_184,Trog_0377,F,14.2,,,,,"Cray2019_184: 32.836943N, -80.126328W",,
CT_278,2-May-2019,Cray2019_184,Trog_0378,M,14,,,,,"Cray2019_184: 32.836943N, -80.126328W",,
CT_279,2-May-2019,Cray2019_184,Trog_0376,F,15.5,,,,,"Cray2019_184: 32.836943N, -80.126328W",,
CT_280,2-May-2019,Cray2019_184,Trog_0369,F,13.6,,,,,"Cray2019_184: 32.836943N, -80.126328W",,
CT_281,2-May-2019,Cray2019_184,Trog_0370,F,17.9,,,,,"Cray2019_184: 32.836943N, -80.126328W",,
CT_282,2-May-2019,Cray2019_184,Trog_0372,F,15.6,,,,,"Cray2019_184: 32.836943N, -80.126328W",,
CT_283,2-May-2019,Cray2019_184,Trog_0368,F,18.3,,,,,"Cray2019_184: 32.836943N, -80.126328W",,
CT_284,2-May-2019,Cray2019_184,Trog_0367,F,23.1,,,,,"Cray2019_184: 32.836943N, -80.126328W",,
CT_285,10-May-2019,Cray2019_232,Trog_0174,F,13.2,,,,,"Cray2019_232: 32.830534N, -80.134748W",,
CT_286,10-May-2019,Cray2019_232,Trog_0172,F,15.6,,,,,"Cray2019_232: 32.830534N, -80.134748W",,
CT_287,10-May-2019,Cray2019_232,Trog_0171,F,15.2,,,,,"Cray2019_232: 32.830534N, -80.134748W",,
CT_288,10-May-2019,Cray2019_232,Trog_0170,M,16.9,,,,,"Cray2019_232: 32.830534N, -80.134748W",,
CT_289,10-May-2019,Cray2019_232,Trog_0173,F,12,,,,,"Cray2019_232: 32.830534N, -80.134748W",,
CT_290,10-May-2019,Cray2019_232,Trog_0169,F,15.8,,,,,"Cray2019_232: 32.830534N, -80.134748W",,
CT_291,10-May-2019,Cray2019_232,Trog_0165,M,14.6,,,,,"Cray2019_232: 32.830534N, -80.134748W",,
CT_292,10-May-2019,Cray2019_232,Trog_0166,F,15.1,,,,,"Cray2019_232: 32.830534N, -80.134748W",,
CT_293,10-May-2019,Cray2019_232,Trog_0167,F,16.8,,,,,"Cray2019_232: 32.830534N, -80.134748W",,
CT_294,10-May-2019,Cray2019_232,Trog_0168,M,17.8,,,,,"Cray2019_232: 32.830534N, -80.134748W",,
CT_295,10-May-2019,Cray2019_234,Trog_0247,M,14.6,,,,,"Cray2019_234: 32.825013N, -80.129726W",,
CT_296,10-May-2019,Cray2019_234,Trog_0250,M,13.2,,,,,"Cray2019_234: 32.825013N, -80.129726W",,
CT_297,10-May-2019,Cray2019_234,Trog_0249,M,13.6,1,,,,"Cray2019_234: 32.825013N, -80.129726W",,
CT_298,10-May-2019,Cray2019_234,Trog_0248,M,14.3,,,,,"Cray2019_234: 32.825013N, -80.129726W",,
CT_299,10-May-2019,Cray2019_234,Trog_0251,M,11.8,,,,,"Cray2019_234: 32.825013N, -80.129726W",,
CT_300,10-May-2019,Cray2019_234,Trog_0243,M,13,,,,,"Cray2019_234: 32.825013N, -80.129726W",,
CT_301,10-May-2019,Cray2019_234,Trog_0244,M,12.7,,,,,"Cray2019_234: 32.825013N, -80.129726W",,
CT_302,10-May-2019,Cray2019_234,Trog_0245,F,16.4,,,,,"Cray2019_234: 32.825013N, -80.129726W",,
CT_303,10-May-2019,Cray2019_234,Trog_0246,F,12.6,,,,,"Cray2019_234: 32.825013N, -80.129726W",,
CT_304,10-May-2019,Cray2019_234,Trog_0242,F,17.7,,,,,"Cray2019_234: 32.825013N, -80.129726W",,
CT_305,10-May-2019,Cray2019_234,Trog_0241,F,15.1,,,,,"Cray2019_234: 32.825013N, -80.129726W",,
CT_306,25-Apr-2019,Cray2019_205,Trog_0161,F,16.6,,,,,"Cray2019_205: 32.828458N, -80.13752W",,
CT_307,25-Apr-2019,Cray2019_205,Trog_0162,M,14.8,,,,1,"Cray2019_205: 32.828458N, -80.13752W",,
CT_308,25-Apr-2019,Cray2019_205,Trog_0163,F,15.4,,,,1,"Cray2019_205: 32.828458N, -80.13752W",,
CT_309,25-Apr-2019,Cray2019_205,Trog_0164,M,18.3,,,,4,"Cray2019_205: 32.828458N, -80.13752W",,
CT_310,15-May-2019,Cray2019_281,Trog_0292,M,14.1,,,,,"Cray2019_281:32.835782N, -80.124814W",,
CT_311,15-May-2019,Cray2019_281,Trog_0293,F,16.4,,,,,"Cray2019_281:32.835782N, -80.124814W",,
CT_312,15-May-2019,Cray2019_281,Trog_0294,M,18.1,,,,,"Cray2019_281:32.835782N, -80.124814W",,
CT_313,15-May-2019,Cray2019_281,Trog_0295,M,14.3,,,,,"Cray2019_281:32.835782N, -80.124814W",,
CT_314,15-May-2019,Cray2019_290,Trog_0296,M,16.4,,,,,"Cray2019_290: 32.836622N, -80.130394W",,
CT_315,15-May-2019,Cray2019_290,Trog_0297,F,20.2,,,,1,"Cray2019_290: 32.836622N, -80.130394W",,
CT_316,15-May-2019,Cray2019_279,Trog_0336,F,11.6,,,,,"Cray2019_279:32.835313N, -80.131682W",,
CT_317,15-May-2019,Cray2019_279,Trog_0337,M,11.8,,,,,"Cray2019_279:32.835313N, -80.131682W",,
CT_318,15-May-2019,Cray2019_279,Trog_0338,F,11.5,,,,,"Cray2019_279:32.835313N, -80.131682W",,
CT_319,15-May-2019,Cray2019_279,Trog_0339,F,10.3,,,,,"Cray2019_279:32.835313N, -80.131682W",,
CT_320,N/A,23_HYB_014,23_HYB_014,M,20.7,,,,,"23_HYB_001: 32.824904N, -80.124925W",,
CT_321,N/A,23_HYB_014,23_HYB_024,M,9.9,,3,,,"23_HYB_001: 32.824904N, -80.124925W",,
CT_322,N/A,23_HYB_014,23_HYB_012,F,11,,,,,"23_HYB_001: 32.824904N, -80.124925W",,
CT_323,N/A,23_HYB_014,23_HYB_020,M,12.5,,3,,,"23_HYB_001: 32.824904N, -80.124925W",,
CT_324,N/A,23_HYB_014,23_HYB_013,M,12.7,,,,,"23_HYB_001: 32.824904N, -80.124925W",,
CT_325,N/A,23_HYB_014,23_HYB_018,F,11.8,4,,,,"23_HYB_001: 32.824904N, -80.124925W",,
CT_326,N/A,23_HYB_014,23_HYB_019,F,13.5,,,,,"23_HYB_001: 32.824904N, -80.124925W",,
CT_327,N/A,23_HYB_014,23_HYB_021,M,11.9,,,,,"23_HYB_001: 32.824904N, -80.124925W",,
CT_328,N/A,23_HYB_014,23_HYB_025,F,10.2,,,,,"23_HYB_001: 32.824904N, -80.124925W",,
CT_329,N/A,23_HYB_014,23_HYB_023,F,10.6,,,,,"23_HYB_001: 32.824904N, -80.124925W",,
CT_330,N/A,23_HYB_014,23_HYB_015,M,12.5,,,,,"23_HYB_001: 32.824904N, -80.124925W",,
CT_331,N/A,23_HYB_014,23_HYB_016,M,13.2,,,,,"23_HYB_001: 32.824904N, -80.124925W",,
CT_332,N/A,23_HYB_014,23_HYB_017,M,14.3,,4,,,"23_HYB_001: 32.824904N, -80.124925W",,
CT_333,N/A,23_HYB_014,23_HYB_010,M,14.2,,,,,"23_HYB_001: 32.824904N, -80.124925W",,
CT_334,N/A,23_HYB_014,23_HYB_022,M,14.7,,,,,"23_HYB_001: 32.824904N, -80.124925W",,
CT_335,N/A,23_HYB_014,23_HYB_011,M,16.8,,,,,"23_HYB_001: 32.824904N, -80.124925W",,
CT_336,N/A,23_HYB_002,23_HYB_031,M,18.6,,,,1,,,
CT_337,N/A,23_HYB_002,23_HYB_032,M,20.7,,,,,,,
CT_338,N/A,23_HYB_002,23_HYB_033,M,22.6,,,,1,,,
CT_339,10-Sept-2019,Cray2019_106,Trog_0621,F,23.7,,,,,"Cray2019_106: 33.155547N, -79.767982W",,
CT_340,10-Sept-2019,Cray2019_106,Trog_0622,F,19.8,,,,,"Cray2019_106: 33.155547N, -79.767982W",,
CT_341,4-Oct-2019,Cray2019_042,Trog_0607,F,23.3,,,,,"Cray2019_042: 32.61739N, -80.7094W",,
CT_342,4-Oct-2019,Cray2019_042,Trog_0611,M,11.3,,,,,"Cray2019_042: 32.61739N, -80.7094W",,
CT_343,4-Oct-2019,Cray2019_042,Trog_0608,M,9.7,,,,,"Cray2019_042: 32.61739N, -80.7094W",,
CT_344,4-Oct-2019,Cray2019_042,Trog_0609,F,9.8,,,,,"Cray2019_042: 32.61739N, -80.7094W",,
CT_345,4-Oct-2019,Cray2019_042,Trog_0610,M,10.4,,,,,"Cray2019_042: 32.61739N, -80.7094W",,
CT_346,4-Oct-2019,Cray2019_042,Trog_0612,M,11.9,,,,,"Cray2019_042: 32.61739N, -80.7094W",,
CT_347,26-Jan-2021,Cray2021_004,Trog_0424,F,18.3,,,,,"Cray2021_004: 32.87707N, -81.42867W",,
CT_348,26-Jan-2021,Cray2021_004,Trog_0425,M,13.8,,,,,"Cray2021_004: 32.87707N, -81.42867W",,
CT_349,26-Jan-2021,Cray2021_004,Trog_0426,F,18.8,,,,,"Cray2021_004: 32.87707N, -81.42867W",,
CT_350,23-May-2019,Cray2019_317,Trog_0642,M,28.7,,,,,"Cray2019_317: 33.244449N, -79.520621W",,
CT_351,23-May-2019,Cray2019_317,Trog_0641,F,31.3,,,,2,"Cray2019_317: 33.244449N, -79.520621W",,
CT_352,23-May-2019,Cray2019_317,Trog_0640,F,25.3,,,,,"Cray2019_317: 33.244449N, -79.520621W",,
CT_353,23-May-2019,Cray2019_317,Trog_0639,M,27.1,,,,,"Cray2019_317: 33.244449N, -79.520621W",,
CT_354,23-May-2019,Cray2019_317,Trog_0638,M,30.3,,,,,"Cray2019_317: 33.244449N, -79.520621W",,
CT_355,23-May-2019,Cray2019_317,Trog_0637,M,33.3,,,,,"Cray2019_317: 33.244449N, -79.520621W",,
CT_357,8-Dec-2019,Cray2019_556,Trog_0,F,32.4,,,,,"Cray_2019_566: 32.8152N, -80.1167W",,
CT_358,8-Dec-2019,Cray2019_556,Trog_0,M,26.9,,,,,"Cray_2019_566: 32.8152N, -80.1167W",,
CT_356,23-May-2019,Cray2019_326,Trog_0340,M,18,,9,,,"Cray2019_326: 33.148600N, -79.507038W",,